id_app_user;certificate_url;adress;created_at;modified_at
1;Officer Route;integrated Automotive black;2021-04-26T17:32:32;2021-04-26T05:10:04
2;generating Communications;Oregon (the;2021-04-26T09:23:51;2021-04-26T04:36:53
3;Infrastructure Connecticut;scale Metal;2021-04-26T09:42:35;2021-04-26T04:23:36
4;Unbranded;Intelligent;2021-04-26T14:48:26;2021-04-26T11:08:10
5;User-friendly;Tuna alliance Lebanese;2021-04-26T08:09:26;2021-04-26T01:02:11
6;models backing silver;Loan Borders;2021-04-26T13:27:59;2021-04-26T16:24:31
7;drive;New array;2021-04-25T20:28:21;2021-04-26T17:53:29
8;card envisioneer;Polarised;2021-04-26T08:09:07;2021-04-26T17:51:26
9;Wyoming Italy Supervisor;optical Mouse;2021-04-26T00:44:33;2021-04-26T00:53:13
10;Forint;Quality;2021-04-25T18:48:03;2021-04-26T00:38:48
